iso2,year,population,source
AD,2025,82904,World Bank SP.POP.TOTL
AE,2025,11513149,World Bank SP.POP.TOTL
AF,2025,43844111,World Bank SP.POP.TOTL
AG,2025,94209,World Bank SP.POP.TOTL
AI,2024,19416,CIA World Factbook
AL,2025,2349580,World Bank SP.POP.TOTL
AM,2025,3086700,World Bank SP.POP.TOTL
AO,2025,39040039,World Bank SP.POP.TOTL
AR,2025,45851378,World Bank SP.POP.TOTL
AS,2025,46029,World Bank SP.POP.TOTL
AT,2025,9208163,World Bank SP.POP.TOTL
AU,2025,27614411,World Bank SP.POP.TOTL
AW,2025,108785,World Bank SP.POP.TOTL
AX,2025,30654,Eurostat demo_r_d2jan (1 January)
AZ,2025,10246996,World Bank SP.POP.TOTL
BA,2025,3140095,World Bank SP.POP.TOTL
BB,2025,282623,World Bank SP.POP.TOTL
BD,2025,175686899,World Bank SP.POP.TOTL
BE,2025,11941781,World Bank SP.POP.TOTL
BF,2025,24074580,World Bank SP.POP.TOTL
BG,2025,6433302,World Bank SP.POP.TOTL
BH,2025,1600366,World Bank SP.POP.TOTL
BI,2025,14390003,World Bank SP.POP.TOTL
BJ,2025,14814460,World Bank SP.POP.TOTL
BM,2025,64555,World Bank SP.POP.TOTL
BN,2025,466330,World Bank SP.POP.TOTL
BO,2025,12581843,World Bank SP.POP.TOTL
BQ,2025,33229,CBS 83774ENG (31 December)
BR,2025,212812405,World Bank SP.POP.TOTL
BS,2025,403033,World Bank SP.POP.TOTL
BT,2025,796682,World Bank SP.POP.TOTL
BW,2025,2562122,World Bank SP.POP.TOTL
BY,2025,9085991,World Bank SP.POP.TOTL
BZ,2025,422924,World Bank SP.POP.TOTL
CA,2025,41651653,World Bank SP.POP.TOTL
CD,2025,112832473,World Bank SP.POP.TOTL
CF,2025,5513282,World Bank SP.POP.TOTL
CG,2025,6484437,World Bank SP.POP.TOTL
CH,2025,9092436,World Bank SP.POP.TOTL
CI,2025,32711547,World Bank SP.POP.TOTL
CK,2025,7592,CIA World Factbook
CL,2025,19859921,World Bank SP.POP.TOTL
CM,2025,29879337,World Bank SP.POP.TOTL
CN,2025,1406585000,World Bank SP.POP.TOTL
CO,2025,53425635,World Bank SP.POP.TOTL
CR,2025,5152950,World Bank SP.POP.TOTL
CU,2025,10937203,World Bank SP.POP.TOTL
CV,2025,527326,World Bank SP.POP.TOTL
CW,2025,156263,World Bank SP.POP.TOTL
CY,2025,1370754,World Bank SP.POP.TOTL
CZ,2025,10886878,World Bank SP.POP.TOTL
DE,2025,83491249,World Bank SP.POP.TOTL
DJ,2025,1184076,World Bank SP.POP.TOTL
DK,2025,6009169,World Bank SP.POP.TOTL
DM,2025,65871,World Bank SP.POP.TOTL
DO,2025,11520487,World Bank SP.POP.TOTL
DZ,2025,47435312,World Bank SP.POP.TOTL
EC,2025,18289896,World Bank SP.POP.TOTL
EE,2025,1366475,World Bank SP.POP.TOTL
EG,2025,118365995,World Bank SP.POP.TOTL
EH,2020,652271,CIA World Factbook
ER,2025,3607003,World Bank SP.POP.TOTL
ES,2025,49355143,World Bank SP.POP.TOTL
ET,2025,135472051,World Bank SP.POP.TOTL
FI,2025,5646436,World Bank SP.POP.TOTL
FJ,2025,933154,World Bank SP.POP.TOTL
FK,2021,3142,CIA World Factbook
FM,2025,113683,World Bank SP.POP.TOTL
FO,2025,54900,World Bank SP.POP.TOTL
FR,2025,68720337,World Bank SP.POP.TOTL
GA,2025,2593130,World Bank SP.POP.TOTL
GB,2025,69487000,World Bank SP.POP.TOTL
GD,2025,117303,World Bank SP.POP.TOTL
GE,2025,3935766,World Bank SP.POP.TOTL
GF,2025,297455,Eurostat demo_r_d2jan (1 January)
GG,2025,67923,CIA World Factbook
GH,2025,35064272,World Bank SP.POP.TOTL
GI,2025,40126,World Bank SP.POP.TOTL
GL,2025,56831,World Bank SP.POP.TOTL
GM,2025,2822093,World Bank SP.POP.TOTL
GN,2025,15099727,World Bank SP.POP.TOTL
GP,2025,413791,Eurostat demo_r_d2jan (1 January)
GQ,2025,1938431,World Bank SP.POP.TOTL
GR,2025,10413962,World Bank SP.POP.TOTL
GT,2025,18687881,World Bank SP.POP.TOTL
GU,2025,168999,World Bank SP.POP.TOTL
GW,2025,2249515,World Bank SP.POP.TOTL
GY,2025,835986,World Bank SP.POP.TOTL
HK,2025,7498900,World Bank SP.POP.TOTL
HN,2025,11005850,World Bank SP.POP.TOTL
HR,2025,3876200,World Bank SP.POP.TOTL
HT,2025,11906095,World Bank SP.POP.TOTL
HU,2025,9514251,World Bank SP.POP.TOTL
ID,2025,285721236,World Bank SP.POP.TOTL
IE,2025,5484367,World Bank SP.POP.TOTL
IL,2025,10122800,World Bank SP.POP.TOTL
IM,2025,84118,World Bank SP.POP.TOTL
IN,2025,1463865525,World Bank SP.POP.TOTL
IQ,2025,47020774,World Bank SP.POP.TOTL
IR,2025,92417681,World Bank SP.POP.TOTL
IS,2025,392404,World Bank SP.POP.TOTL
IT,2025,58915656,World Bank SP.POP.TOTL
JE,2025,103944,CIA World Factbook
JG,2025,168466,World Bank SP.POP.TOTL
JM,2025,2837077,World Bank SP.POP.TOTL
JO,2025,11520684,World Bank SP.POP.TOTL
JP,2025,123366734,World Bank SP.POP.TOTL
KE,2025,57532493,World Bank SP.POP.TOTL
KG,2025,7343064,World Bank SP.POP.TOTL
KH,2025,17847982,World Bank SP.POP.TOTL
KI,2025,136488,World Bank SP.POP.TOTL
KM,2025,882847,World Bank SP.POP.TOTL
KN,2025,46922,World Bank SP.POP.TOTL
KP,2025,26571036,World Bank SP.POP.TOTL
KR,2025,51684564,World Bank SP.POP.TOTL
KW,2025,4865298,World Bank SP.POP.TOTL
KY,2025,75844,World Bank SP.POP.TOTL
KZ,2025,20843754,World Bank SP.POP.TOTL
LA,2025,7873046,World Bank SP.POP.TOTL
LB,2025,5849421,World Bank SP.POP.TOTL
LC,2025,180149,World Bank SP.POP.TOTL
LI,2025,41024,World Bank SP.POP.TOTL
LK,2025,21756000,World Bank SP.POP.TOTL
LR,2025,5731206,World Bank SP.POP.TOTL
LS,2025,2363325,World Bank SP.POP.TOTL
LT,2025,2888774,World Bank SP.POP.TOTL
LU,2025,686970,World Bank SP.POP.TOTL
LV,2025,1847785,World Bank SP.POP.TOTL
LY,2025,7458555,World Bank SP.POP.TOTL
MA,2025,38430770,World Bank SP.POP.TOTL
MC,2025,38341,World Bank SP.POP.TOTL
MD,2025,2360527,World Bank SP.POP.TOTL
ME,2025,623129,World Bank SP.POP.TOTL
MF,2025,24941,World Bank SP.POP.TOTL
MG,2025,32740678,World Bank SP.POP.TOTL
MH,2025,36282,World Bank SP.POP.TOTL
MK,2025,1820909,World Bank SP.POP.TOTL
ML,2025,25198821,World Bank SP.POP.TOTL
MM,2025,54850648,World Bank SP.POP.TOTL
MN,2025,3568978,World Bank SP.POP.TOTL
MO,2025,685900,World Bank SP.POP.TOTL
MP,2025,43541,World Bank SP.POP.TOTL
MQ,2025,359419,Eurostat demo_r_d2jan (1 January)
MR,2025,5315065,World Bank SP.POP.TOTL
MS,2024,5468,CIA World Factbook
MT,2025,579704,World Bank SP.POP.TOTL
MU,2025,1243741,World Bank SP.POP.TOTL
MV,2025,529676,World Bank SP.POP.TOTL
MW,2025,22216120,World Bank SP.POP.TOTL
MX,2025,131946900,World Bank SP.POP.TOTL
MY,2025,35977838,World Bank SP.POP.TOTL
MZ,2025,35631653,World Bank SP.POP.TOTL
NA,2025,3092816,World Bank SP.POP.TOTL
NC,2025,295333,World Bank SP.POP.TOTL
NE,2025,27917831,World Bank SP.POP.TOTL
NG,2025,237527782,World Bank SP.POP.TOTL
NI,2025,7007502,World Bank SP.POP.TOTL
NL,2025,18087633,World Bank SP.POP.TOTL
NO,2025,5610870,World Bank SP.POP.TOTL
NP,2025,29618118,World Bank SP.POP.TOTL
NR,2025,12025,World Bank SP.POP.TOTL
NU,2024,1815,CIA World Factbook
NZ,2025,5324700,World Bank SP.POP.TOTL
OM,2025,5494691,World Bank SP.POP.TOTL
PA,2025,4571189,World Bank SP.POP.TOTL
PE,2025,34576665,World Bank SP.POP.TOTL
PF,2025,282465,World Bank SP.POP.TOTL
PG,2025,10762817,World Bank SP.POP.TOTL
PH,2025,116786962,World Bank SP.POP.TOTL
PK,2025,255219554,World Bank SP.POP.TOTL
PL,2025,36435861,World Bank SP.POP.TOTL
PM,2025,5070,CIA World Factbook
PR,2025,3184835,World Bank SP.POP.TOTL
PS,2025,5413596,World Bank SP.POP.TOTL
PT,2025,10804871,World Bank SP.POP.TOTL
PW,2025,17663,World Bank SP.POP.TOTL
PY,2025,7013078,World Bank SP.POP.TOTL
QA,2025,2972215,World Bank SP.POP.TOTL
RE,2025,904180,Eurostat demo_r_d2jan (1 January)
RO,2025,19020271,World Bank SP.POP.TOTL
RS,2025,6549143,World Bank SP.POP.TOTL
RU,2025,143513328,World Bank SP.POP.TOTL
RW,2025,14569341,World Bank SP.POP.TOTL
SA,2025,36973555,World Bank SP.POP.TOTL
SB,2025,838645,World Bank SP.POP.TOTL
SC,2025,122730,World Bank SP.POP.TOTL
SD,2025,51662147,World Bank SP.POP.TOTL
SE,2025,10596620,World Bank SP.POP.TOTL
SG,2025,6111175,World Bank SP.POP.TOTL
SI,2025,2130986,World Bank SP.POP.TOTL
SJ,2025,2556,CIA World Factbook
SK,2025,5413813,World Bank SP.POP.TOTL
SL,2025,8819794,World Bank SP.POP.TOTL
SM,2025,34109,World Bank SP.POP.TOTL
SN,2025,18931966,World Bank SP.POP.TOTL
SO,2025,19654739,World Bank SP.POP.TOTL
SR,2025,639850,World Bank SP.POP.TOTL
SS,2025,12188788,World Bank SP.POP.TOTL
ST,2025,240254,World Bank SP.POP.TOTL
SV,2025,6365503,World Bank SP.POP.TOTL
SX,2025,43923,World Bank SP.POP.TOTL
SY,2025,25620427,World Bank SP.POP.TOTL
SZ,2025,1256174,World Bank SP.POP.TOTL
TC,2025,46855,World Bank SP.POP.TOTL
TD,2025,21003705,World Bank SP.POP.TOTL
TG,2025,8591626,World Bank SP.POP.TOTL
TH,2025,71619863,World Bank SP.POP.TOTL
TJ,2025,10786734,World Bank SP.POP.TOTL
TL,2025,1418517,World Bank SP.POP.TOTL
TM,2025,7618847,World Bank SP.POP.TOTL
TN,2025,12348573,World Bank SP.POP.TOTL
TO,2025,103742,World Bank SP.POP.TOTL
TR,2025,85878556,World Bank SP.POP.TOTL
TT,2025,1367764,World Bank SP.POP.TOTL
TV,2025,9492,World Bank SP.POP.TOTL
TW,2025,23600776,CIA World Factbook
TZ,2025,70545865,World Bank SP.POP.TOTL
UA,2025,38980376,World Bank SP.POP.TOTL
UG,2025,51384894,World Bank SP.POP.TOTL
US,2025,341784857,World Bank SP.POP.TOTL
UY,2025,3384688,World Bank SP.POP.TOTL
UZ,2025,37053428,World Bank SP.POP.TOTL
VA,2024,1000,CIA World Factbook
VC,2025,99924,World Bank SP.POP.TOTL
VE,2025,28516896,World Bank SP.POP.TOTL
VG,2025,39732,World Bank SP.POP.TOTL
VI,2025,103792,World Bank SP.POP.TOTL
VN,2025,101598527,World Bank SP.POP.TOTL
VU,2025,335169,World Bank SP.POP.TOTL
WS,2025,219306,World Bank SP.POP.TOTL
XK,2025,1576876,World Bank SP.POP.TOTL
YE,2025,41773878,World Bank SP.POP.TOTL
YT,2025,329208,Eurostat demo_r_d2jan (1 January)
ZA,2025,64747319,World Bank SP.POP.TOTL
ZM,2025,21913874,World Bank SP.POP.TOTL
ZW,2025,16950795,World Bank SP.POP.TOTL
